72.07, 96.81, 100449, 27.60, 7, -100.00, 73.1876641606
72.07, 96.81, 100449, 27.60, 7, -100.00, 73.1876641606
72.56, 68.09, 100446, 27.60, 7, -100.00, 73.4391932961
72.36, 83.89, 100446, 27.60, 7, -100.00, 73.4391932961
72.36, 83.89, 100446, 27.60, 7, -100.00, 73.4391932961
72.56, 80.32, 100455, 27.60, 7, 383.94, 72.6846241371
72.56, 80.32, 100455, 27.60, 7, 383.94, 72.6846241371
71.39, 56.57, 100452, 27.60, 7, 383.94, 72.9361411078
72.46, 27.80, 100458, 27.60, 7, 429.59, 72.4331132483
72.46, 27.80, 100458, 27.60, 7, 429.59, 72.4331132483
72.46, 54.85, 100461, 27.60, 7, -100.00, 72.1816084411
72.46, 68.32, 100455, 27.60, 7, -100.00, 72.6846241371
72.46, 68.32, 100455, 27.60, 7, -100.00, 72.6846241371
72.46, 45.39, 100449, 27.60, 7, -100.00, 73.1876641606
72.46, 45.39, 100449, 27.60, 7, -100.00, 73.1876641606
72.17, 8.59, 100458, 27.60, 7, -100.00, 72.4331132483
72.27, 75.59, 100452, 27.60, 7, -100.00, 72.9361411078
72.27, 75.59, 100452, 27.60, 7, -100.00, 72.9361411078
72.17, 40.79, 100449, 27.60, 7, 168.12, 73.1876641606
71.97, 28.21, 100458, 27.60, 7, -100.00, 72.4331132483
71.97, 28.21, 100458, 27.60, 7, -100.00, 72.4331132483
71.88, 43.37, 100455, 27.60, 7, 535.01, 72.6846241371
71.88, 43.37, 100455, 27.60, 7, 535.01, 72.6846241371
71.88, 11.05, 100452, 27.60, 7, 535.01, 72.9361411078
71.78, 37.84, 100455, 27.60, 7, -100.00, 72.6846241371
71.78, 37.84, 100455, 27.60, 7, -100.00, 72.6846241371
71.88, 350.13, 100458, 27.60, 7, -100.00, 72.4331132483
72.17, 356.94, 100464, 27.60, 7, -100.00, 71.9301097152
72.17, 356.94, 100464, 27.60, 7, -100.00, 71.9301097152
71.78, 14.04, 100455, 27.60, 7, -100.00, 72.6846241371
71.78, 14.04, 100455, 27.60, 7, -100.00, 72.6846241371
72.17, 14.04, 100467, 27.60, 7, 150.68, 71.6786170701
71.78, 8.57, 100452, 27.60, 7, -100.00, 72.9361411078
71.78, 8.57, 100452, 27.60, 7, -100.00, 72.9361411078
72.07, 358.66, 100455, 27.60, 7, -100.00, 72.6846241371
72.07, 358.66, 100455, 27.60, 7, -100.00, 72.6846241371
71.88, 2.52, 100452, 27.70, 7, 381.45, 72.9361411078
72.66, 54.32, 100473, 27.70, 7, 530.86, 71.1756500214
74.61, 316.65, 100469, 26.70, 7, 71.00, 71.5109586848
74.71, 315.12, 100463, 26.70, 7, -99.17, 72.0139419482
74.71, 315.12, 100463, 26.70, 7, -99.17, 72.0139419482
74.51, 285.45, 100466, 26.70, 7, 535.84, 71.7624472762
74.51, 285.45, 100466, 26.70, 7, 535.84, 71.7624472762
74.71, 292.86, 100466, 26.70, 6, 535.84, 71.7624472762
74.80, 151.31, 100460, 26.70, 6, -100.00, 72.2654427012
74.80, 151.31, 100460, 26.70, 6, -100.00, 72.2654427012
74.61, 144.09, 100451, 26.70, 7, 527.54, 73.0199814496
80.66, 170.64, 100466, 26.70, 7, -100.00, 71.7624472762
80.66, 170.64, 100466, 26.70, 7, -100.00, 71.7624472762
74.61, 188.56, 100454, 26.70, 6, -100.00, 72.7684624515
74.61, 188.56, 100454, 26.70, 6, -100.00, 72.7684624515
73.93, 207.83, 100466, 26.70, 6, 280.18, 71.7624472762
74.71, 264.11, 100460, 26.70, 6, 263.57, 72.2654427012
74.71, 264.11, 100460, 26.70, 6, 263.57, 72.2654427012
74.61, 259.82, 100454, 26.70, 6, -100.00, 72.7684624515
74.61, 259.82, 100454, 26.70, 6, -100.00, 72.7684624515
74.71, 233.50, 100451, 26.70, 6, 163.96, 73.0199814496
74.90, 355.43, 100454, 26.70, 6, -100.00, 72.7684624515
74.90, 355.43, 100454, 26.70, 6, -100.00, 72.7684624515
75.00, 358.51, 100451, 26.70, 7, -100.00, 73.0199814496
75.00, 25.50, 100451, 26.70, 7, -100.00, 73.0199814496
75.00, 25.50, 100451, 26.70, 7, -100.00, 73.0199814496
74.71, 16.30, 100457, 26.70, 7, 222.07, 72.5169495355
74.71, 16.30, 100457, 26.70, 7, 222.07, 72.5169495355
74.80, 3.27, 100457, 26.70, 6, -100.00, 72.5169495355
74.32, 59.43, 100454, 26.70, 6, 43.60, 72.7684624515
74.32, 59.43, 100454, 26.70, 6, 43.60, 72.7684624515
74.80, 343.93, 100448, 26.70, 7, -100.00, 73.2715065299
74.80, 343.93, 100448, 26.70, 7, -100.00, 73.2715065299
75.00, 21.82, 100451, 26.70, 6, 147.36, 73.0199814496
74.80, 67.53, 100451, 26.70, 6, -100.00, 73.0199814496
74.80, 67.53, 100451, 26.70, 6, -100.00, 73.0199814496
72.85, 43.09, 100460, 26.70, 6, -100.00, 72.2654427012
72.85, 43.09, 100460, 26.70, 6, -100.00, 72.2654427012
75.20, 31.92, 100457, 26.70, 6, -100.00, 72.5169495355
74.71, 34.50, 100466, 26.70, 6, 102.54, 71.7624472762
74.71, 34.50, 100466, 26.70, 6, 102.54, 71.7624472762
74.71, 42.90, 100451, 26.70, 6, 496.83, 73.0199814496
74.80, 38.30, 100457, 26.70, 6, -100.00, 72.5169495355
74.80, 38.30, 100457, 26.70, 6, -100.00, 72.5169495355
74.51, 23.33, 100466, 26.70, 6, -100.00, 71.7624472762
74.51, 23.33, 100466, 26.70, 6, -100.00, 71.7624472762
74.80, 70.32, 100445, 26.70, 6, -100.00, 73.5230376929
74.80, 67.48, 100457, 26.70, 6, -100.00, 72.5169495355
74.80, 67.48, 100457, 26.70, 6, -100.00, 72.5169495355
74.80, 55.86, 100457, 26.70, 6, -100.00, 72.5169495355
73.93, 91.22, 100457, 26.70, 6, -97.51, 72.5169495355
73.93, 91.22, 100457, 26.70, 6, -97.51, 72.5169495355
74.32, 96.57, 100457, 26.70, 6, -97.51, 72.5169495355
74.32, 96.57, 100457, 26.70, 6, -97.51, 72.5169495355
74.71, 76.27, 100460, 26.70, 6, -100.00, 72.2654427012
74.51, 87.85, 100463, 26.70, 6, -100.00, 72.0139419482
74.51, 87.85, 100463, 26.70, 6, -100.00, 72.0139419482
74.41, 99.02, 100451, 26.70, 6, -100.00, 73.0199814496
74.71, 58.37, 100454, 26.70, 6, 283.50, 72.7684624515
74.71, 58.37, 100454, 26.70, 6, 283.50, 72.7684624515
74.41, 72.39, 100460, 26.70, 6, -100.00, 72.2654427012
74.41, 72.39, 100460, 26.70, 6, -100.00, 72.2654427012
74.41, 59.52, 100457, 26.70, 6, -100.00, 72.5169495355
74.32, 67.47, 100457, 26.70, 6, 165.63, 72.5169495355
74.32, 67.47, 100457, 26.70, 6, 165.63, 72.5169495355
74.51, 83.61, 100457, 26.70, 6, -100.00, 72.5169495355
74.51, 83.61, 100457, 26.70, 6, -100.00, 72.5169495355
74.41, 78.20, 100451, 26.70, 6, -100.00, 73.0199814496
74.51, 83.29, 100454, 26.70, 6, 236.18, 72.7684624515
74.51, 83.29, 100454, 26.70, 6, 236.18, 72.7684624515
74.32, 87.52, 100451, 26.70, 6, 236.18, 73.0199814496
74.51, 79.86, 100460, 26.70, 6, -41.06, 72.2654427012
74.51, 79.86, 100460, 26.70, 6, -41.06, 72.2654427012
74.32, 81.05, 100460, 26.70, 6, -100.00, 72.2654427012
74.32, 81.05, 100460, 26.70, 6, -100.00, 72.2654427012
74.41, 87.21, 100457, 26.70, 6, -100.00, 72.5169495355
74.61, 84.40, 100454, 26.70, 6, -100.00, 72.7684624515
74.61, 84.40, 100454, 26.70, 6, -100.00, 72.7684624515
74.61, 85.54, 100457, 26.70, 6, -100.00, 72.5169495355
74.61, 83.52, 100457, 26.70, 6, 70.17, 72.5169495355
74.61, 83.52, 100457, 26.70, 6, 70.17, 72.5169495355
73.73, 92.94, 100469, 26.80, 6, -100.00, 71.5109586848
73.73, 92.94, 100469, 26.80, 6, -100.00, 71.5109586848
74.41, 88.31, 100463, 26.70, 6, 505.13, 72.0139419482
74.32, 123.04, 100463, 26.80, 6, -100.00, 72.0139419482
74.32, 123.04, 100463, 26.80, 6, -100.00, 72.0139419482
74.61, 105.01, 100463, 26.80, 6, -100.00, 72.0139419482
70.80, 88.74, 100463, 26.80, 6, -100.00, 72.0139419482
70.80, 88.74, 100463, 26.80, 6, -100.00, 72.0139419482
74.71, 84.19, 100457, 26.80, 7, 192.19, 72.5169495355
74.71, 84.19, 100457, 26.80, 7, 192.19, 72.5169495355
74.61, 67.03, 100457, 26.80, 7, 192.19, 72.5169495355
74.51, 59.77, 100454, 26.80, 7, 509.28, 72.7684624515
74.51, 59.77, 100454, 26.80, 7, 509.28, 72.7684624515
74.41, 77.94, 100451, 26.80, 7, -100.00, 73.0199814496
74.41, 77.94, 100451, 26.80, 7, -100.00, 73.0199814496
74.71, 98.06, 100457, 26.80, 6, -100.00, 72.5169495355
74.51, 85.57, 100448, 26.80, 7, -100.00, 73.2715065299
74.51, 85.57, 100448, 26.80, 7, -100.00, 73.2715065299
74.71, 91.60, 100451, 26.80, 7, -100.00, 73.0199814496
74.41, 101.21, 100451, 26.80, 6, -100.00, 73.0199814496
74.41, 101.21, 100451, 26.80, 6, -100.00, 73.0199814496
74.71, 105.77, 100457, 26.80, 6, 535.01, 72.5169495355
74.71, 105.77, 100457, 26.80, 6, 535.01, 72.5169495355
74.41, 90.82, 100454, 26.80, 6, 19.53, 72.7684624515
74.51, 116.97, 100457, 26.80, 6, -100.00, 72.5169495355
74.51, 116.97, 100457, 26.80, 6, -100.00, 72.5169495355
74.41, 134.75, 100457, 26.80, 6, 467.77, 72.5169495355
74.51, 212.09, 100460, 26.80, 6, 467.77, 72.2654427012
74.51, 212.09, 100460, 26.80, 6, 467.77, 72.2654427012
74.61, 189.80, 100463, 26.80, 6, -100.00, 72.0139419482
74.61, 189.80, 100463, 26.80, 6, -100.00, 72.0139419482
74.51, 229.70, 100454, 26.80, 6, 207.13, 72.7684624515
74.61, 176.59, 100463, 26.80, 6, 365.67, 72.0139419482
74.61, 176.59, 100463, 26.80, 6, 365.67, 72.0139419482
74.61, 222.84, 100454, 26.80, 6, 365.67, 72.7684624515
74.61, 222.84, 100454, 26.80, 6, 365.67, 72.7684624515
74.41, 185.87, 100457, 26.80, 6, 115.82, 72.5169495355
74.61, 155.34, 100451, 26.80, 6, -33.59, 73.0199814496
74.61, 155.34, 100451, 26.80, 6, -33.59, 73.0199814496
74.22, 14.39, 100466, 26.80, 6, -33.59, 71.7624472762
68.36, 96.81, 100460, 26.80, 6, 208.79, 72.2654427012
68.36, 96.81, 100460, 26.80, 6, 208.79, 72.2654427012
74.41, 157.97, 100457, 26.80, 6, 122.46, 72.5169495355
74.41, 157.97, 100457, 26.80, 6, 122.46, 72.5169495355
74.41, 171.84, 100448, 26.80, 6, 535.84, 73.2715065299
74.02, 169.20, 100448, 26.80, 7, -100.00, 73.2715065299
74.02, 169.20, 100448, 26.80, 7, -100.00, 73.2715065299
74.02, 136.67, 100454, 26.80, 6, -100.00, 72.7684624515
74.02, 196.81, 100451, 26.80, 7, -100.00, 73.0199814496
74.02, 196.81, 100451, 26.80, 7, -100.00, 73.0199814496
73.93, 229.82, 100460, 26.80, 7, -100.00, 72.2654427012
73.93, 229.82, 100460, 26.80, 7, -100.00, 72.2654427012
74.02, 108.10, 100466, 26.80, 6, 432.91, 71.7624472762
73.73, 315.72, 100451, 26.80, 6, 525.88, 73.0199814496
73.73, 315.72, 100451, 26.80, 6, 525.88, 73.0199814496
73.44, 82.21, 100463, 26.80, 6, 525.88, 72.0139419482
73.54, 132.23, 100469, 26.80, 6, -100.00, 71.5109586848
73.54, 132.23, 100469, 26.80, 6, -100.00, 71.5109586848
73.44, 8.29, 100454, 26.80, 7, -100.00, 72.7684624515
73.44, 8.29, 100454, 26.80, 7, -100.00, 72.7684624515
73.44, 44.22, 100457, 26.80, 6, 462.79, 72.5169495355
73.44, 111.26, 100466, 26.80, 6, -100.00, 71.7624472762
73.44, 111.26, 100466, 26.80, 6, -100.00, 71.7624472762
73.63, 56.71, 100457, 26.80, 6, -100.00, 72.5169495355
73.63, 56.71, 100457, 26.80, 6, -100.00, 72.5169495355
73.34, 63.84, 100457, 26.80, 6, 513.43, 72.5169495355
73.44, 104.15, 100463, 26.80, 6, 327.49, 72.0139419482
73.44, 104.15, 100463, 26.80, 6, 327.49, 72.0139419482
73.63, 50.47, 100454, 26.80, 8, 330.81, 72.7684624515
73.24, 137.74, 100457, 26.80, 6, -100.00, 72.5169495355
73.24, 137.74, 100457, 26.80, 6, -100.00, 72.5169495355
73.34, 150.45, 100469, 26.80, 6, -100.00, 71.5109586848
73.34, 150.45, 100469, 26.80, 6, -100.00, 71.5109586848
73.34, 80.88, 100454, 26.80, 6, -100.00, 72.7684624515
73.44, 123.72, 100451, 26.80, 7, -100.00, 73.0199814496
73.44, 123.72, 100451, 26.80, 7, -100.00, 73.0199814496
73.54, 127.27, 100457, 26.80, 7, 535.84, 72.5169495355
73.63, 95.70, 100466, 26.90, 6, 535.84, 71.7624472762
73.63, 95.70, 100466, 26.90, 6, 535.84, 71.7624472762
73.24, 128.09, 100448, 26.80, 6, -100.00, 73.2715065299
73.24, 128.09, 100448, 26.80, 6, -100.00, 73.2715065299
73.34, 99.95, 100466, 26.90, 6, -100.00, 71.7624472762
71.68, 59.49, 100466, 26.90, 6, -100.00, 71.7624472762
71.68, 59.49, 100466, 26.90, 6, -100.00, 71.7624472762
73.34, 92.18, 100472, 26.90, 6, -100.00, 71.2594761739
73.24, 81.19, 100463, 26.90, 6, -99.17, 72.0139419482
73.24, 81.19, 100463, 26.90, 6, -99.17, 72.0139419482
73.54, 74.20, 100469, 26.90, 6, -100.00, 71.5109586848
73.54, 74.20, 100469, 26.90, 6, -100.00, 71.5109586848
73.24, 96.53, 100463, 26.90, 6, -100.00, 72.0139419482
73.34, 95.89, 100454, 26.90, 6, -100.00, 72.7684624515
73.34, 95.89, 100454, 26.90, 6, -100.00, 72.7684624515
73.24, 56.92, 100463, 26.90, 7, -100.00, 72.0139419482
73.24, 56.92, 100463, 26.90, 7, -100.00, 72.0139419482
73.34, 83.63, 100457, 26.90, 7, -100.00, 72.5169495355
73.14, 159.81, 100436, 26.90, 7, -100.00, 74.2776676812
73.14, 159.81, 100436, 26.90, 7, -100.00, 74.2776676812
73.34, 315.82, 100430, 26.90, 6, 535.84, 74.7807847594
73.24, 147.33, 100418, 26.90, 6, 535.84, 75.7870919339
73.24, 147.33, 100418, 26.90, 6, 535.84, 75.7870919339
73.14, 60.99, 100403, 26.90, 6, -100.00, 77.0451128383
73.14, 60.99, 100403, 26.90, 6, -100.00, 77.0451128383
73.05, 67.42, 100397, 26.90, 6, 276.86, 77.5483638109
72.85, 256.90, 100388, 26.90, 6, 276.86, 78.3032859325
72.85, 256.90, 100388, 26.90, 6, 276.86, 78.3032859325
72.66, 145.13, 100375, 26.90, 7, -100.00, 79.3938257506
72.85, 2.83, 100354, 26.80, 6, 315.87, 81.1557086032
72.85, 2.83, 100354, 26.80, 6, 315.87, 81.1557086032
72.75, 15.01, 100342, 26.80, 7, 315.87, 82.1626328428
72.75, 15.01, 100342, 26.80, 7, 315.87, 82.1626328428
72.75, 212.10, 100336, 26.80, 7, 8.74, 82.6661315271
72.75, 148.83, 100319, 26.80, 7, 8.74, 84.092843537
72.75, 148.83, 100319, 26.80, 7, 8.74, 84.092843537
72.85, 287.61, 100316, 26.80, 7, -13.67, 84.3446365657
72.66, 353.87, 100313, 26.80, 7, -13.67, 84.5964356915
72.66, 353.87, 100313, 26.80, 7, -13.67, 84.5964356915
72.66, 205.81, 100289, 26.80, 7, 192.19, 86.611048235
72.66, 205.81, 100289, 26.80, 7, 192.19, 86.611048235
72.46, 108.12, 100289, 26.80, 7, -100.00, 86.611048235
72.85, 97.55, 100266, 26.80, 7, -100.00, 88.5420849332
72.85, 97.55, 100266, 26.80, 7, -100.00, 88.5420849332
72.85, 146.66, 100260, 26.80, 7, -100.00, 89.0458926233
72.85, 146.66, 100260, 26.80, 7, -100.00, 89.0458926233
72.66, 62.08, 100260, 26.80, 7, -100.00, 89.0458926233
72.95, 103.47, 100241, 26.80, 7, -100.00, 90.6414447143
72.95, 103.47, 100241, 26.80, 7, -100.00, 90.6414447143
72.56, 137.42, 100217, 26.80, 7, 166.46, 92.6572289885
72.75, 173.24, 100208, 26.80, 7, -100.00, 93.4132488652
72.75, 173.24, 100208, 26.80, 7, -100.00, 93.4132488652
72.95, 147.65, 100187, 26.80, 7, -100.00, 95.177509076
72.95, 147.65, 100187, 26.80, 7, -100.00, 95.177509076
72.95, 154.83, 100166, 26.80, 7, -100.00, 96.9420687437
72.95, 103.23, 100157, 26.70, 7, -59.33, 97.6984002999
72.95, 103.23, 100157, 26.70, 7, -59.33, 97.6984002999
72.75, 79.03, 100151, 26.70, 7, -17.82, 98.2026519103
72.75, 79.03, 100151, 26.70, 7, -17.82, 98.2026519103
72.95, 100.10, 100131, 26.70, 7, 61.87, 99.8836672916
72.85, 112.12, 100122, 26.70, 6, -100.00, 100.640212912
72.85, 112.12, 100122, 26.70, 6, -100.00, 100.640212912
72.95, 125.72, 100094, 26.70, 7, -100.00, 102.994262594
75.20, 96.74, 100091, 26.60, 7, -100.00, 103.246513826
75.20, 96.74, 100091, 26.60, 7, -100.00, 103.246513826
72.95, 135.72, 100065, 26.60, 7, -100.00, 105.432947653
72.95, 135.72, 100065, 26.60, 7, -100.00, 105.432947653
73.14, 110.81, 100050, 26.60, 7, -100.00, 106.694561035
73.24, 121.83, 100038, 26.60, 6, 69.34, 107.703962017
73.24, 121.83, 100038, 26.60, 6, 69.34, 107.703962017
73.24, 116.27, 100032, 26.60, 7, 69.34, 108.208699273
73.73, 102.13, 100011, 26.60, 7, -100.00, 109.975472737
73.73, 102.13, 100011, 26.60, 7, -100.00, 109.975472737
73.73, 84.97, 100005, 26.60, 7, -100.00, 110.480320327
73.73, 84.97, 100005, 26.60, 7, -100.00, 110.480320327
70.21, 102.22, 99996, 26.60, 7, -100.00, 111.237637701
73.73, 93.57, 99981, 26.60, 6, -100.00, 112.499955977
73.73, 93.57, 99981, 26.60, 6, -100.00, 112.499955977
73.73, 98.83, 99966, 26.60, 6, -100.00, 113.762427608
72.56, 134.60, 99963, 26.40, 6, 62.70, 114.01494034
73.73, 84.97, 100005, 26.60, 7, -100.00, 110.480320327
70.21, 102.22, 99996, 26.60, 7, -100.00, 111.237637701
73.73, 93.57, 99981, 26.60, 6, -100.00, 112.499955977
73.73, 93.57, 99981, 26.60, 6, -100.00, 112.499955977
73.73, 98.83, 99966, 26.60, 6, -100.00, 113.762427608
72.56, 134.60, 99963, 26.40, 6, 62.70, 114.01494034
72.75, 129.99, 99966, 26.40, 6, 152.34, 113.762427608
72.75, 129.99, 99966, 26.40, 6, 152.34, 113.762427608
72.85, 120.34, 99984, 26.50, 6, 152.34, 112.247480055
73.73, 84.97, 100005, 26.60, 7, -100.00, 110.480320327
70.21, 102.22, 99996, 26.60, 7, -100.00, 111.237637701
73.73, 93.57, 99981, 26.60, 6, -100.00, 112.499955977
73.73, 93.57, 99981, 26.60, 6, -100.00, 112.499955977
73.73, 98.83, 99966, 26.60, 6, -100.00, 113.762427608
73.73, 93.57, 99981, 26.60, 6, -100.00, 112.499955977
73.73, 98.83, 99966, 26.60, 6, -100.00, 113.762427608
72.56, 134.60, 99963, 26.40, 6, 62.70, 114.01494034
72.56, 134.60, 99963, 26.40, 6, 62.70, 114.01494034
72.75, 129.99, 99966, 26.40, 6, 152.34, 113.762427608
72.75, 129.99, 99966, 26.40, 6, 152.34, 113.762427608
72.85, 120.34, 99984, 26.50, 6, 152.34, 112.247480055
73.73, 93.57, 99981, 26.60, 6, -100.00, 112.499955977
73.73, 98.83, 99966, 26.60, 6, -100.00, 113.762427608
72.56, 134.60, 99963, 26.40, 6, 62.70, 114.01494034
72.56, 134.60, 99963, 26.40, 6, 62.70, 114.01494034
72.75, 129.99, 99966, 26.40, 6, 152.34, 113.762427608
72.75, 129.99, 99966, 26.40, 6, 152.34, 113.762427608
72.85, 120.34, 99984, 26.50, 6, 152.34, 112.247480055
72.85, 135.71, 100014, 26.40, 6, 275.20, 109.723058138
72.85, 135.71, 100014, 26.40, 6, 275.20, 109.723058138
72.66, 138.11, 100017, 26.50, 6, 534.18, 109.470649669
72.85, 144.68, 100032, 26.40, 6, -100.00, 108.208699273
72.85, 144.68, 100032, 26.40, 6, -100.00, 108.208699273
72.75, 129.39, 100068, 26.50, 6, -100.00, 105.180643352
72.75, 129.39, 100068, 26.50, 6, -100.00, 105.180643352
72.56, 131.79, 100079, 26.50, 6, -73.44, 104.255579979
72.56, 114.77, 100091, 26.50, 6, -20.31, 103.246513826
72.56, 114.77, 100091, 26.50, 6, -20.31, 103.246513826
72.56, 136.97, 100112, 26.50, 6, 3.76, 101.480883742
72.95, 83.85, 100115, 26.50, 6, -58.50, 101.228675354
72.95, 83.85, 100115, 26.50, 6, -58.50, 101.228675354
72.56, 86.01, 100130, 26.40, 6, -58.50, 99.967725197
72.56, 86.01, 100130, 26.40, 6, -58.50, 99.967725197
72.85, 100.93, 100148, 26.40, 6, -100.00, 98.4547868883
72.66, 107.63, 100172, 26.50, 6, -100.00, 96.4378782752
72.66, 107.63, 100172, 26.50, 6, -100.00, 96.4378782752
72.85, 103.38, 100187, 26.50, 6, -100.00, 95.177509076
72.85, 103.38, 100187, 26.50, 6, -100.00, 95.177509076
72.66, 134.52, 100196, 26.50, 6, -100.00, 94.4213608955
72.66, 267.11, 100202, 26.50, 6, -100.00, 93.9172926609
72.66, 267.11, 100202, 26.50, 6, -100.00, 93.9172926609
72.56, 223.86, 100238, 26.50, 6, 535.84, 90.8933963762
72.56, 223.86, 100238, 26.50, 6, 535.84, 90.8933963762
72.66, 141.79, 100256, 26.50, 6, 535.84, 89.3817779795
72.66, 112.62, 100265, 26.50, 6, 233.69, 88.6260511863
72.66, 112.62, 100265, 26.50, 6, 233.69, 88.6260511863
72.66, 51.27, 100287, 26.50, 6, -34.42, 86.7789502339
72.85, 67.11, 100304, 26.50, 6, -34.42, 85.3518696552
72.85, 67.11, 100304, 26.50, 6, -34.42, 85.3518696552
72.75, 57.15, 100313, 26.50, 6, 429.59, 84.5964356915
72.75, 57.15, 100313, 26.50, 6, 429.59, 84.5964356915
72.56, 305.85, 100336, 26.50, 6, 68.51, 82.6661315271
72.56, 185.22, 100360, 26.50, 6, -8.69, 80.6522830425
72.56, 185.22, 100360, 26.50, 6, -8.69, 80.6522830425
72.56, 154.49, 100366, 26.50, 7, 482.71, 80.1488818511
72.95, 121.78, 100375, 26.50, 6, -16.99, 79.3938257506
72.95, 121.78, 100375, 26.50, 6, -16.99, 79.3938257506
72.95, 286.20, 100390, 26.50, 6, -100.00, 78.1355207253
72.95, 286.20, 100390, 26.50, 6, -100.00, 78.1355207253
72.85, 247.06, 100408, 26.50, 6, -100.00, 76.6257556289
72.85, 76.34, 100414, 26.50, 6, 374.80, 76.1225492966
72.85, 76.34, 100414, 26.50, 6, 374.80, 76.1225492966
72.66, 59.95, 100411, 26.50, 6, 168.95, 76.3741494194
72.66, 59.95, 100411, 26.50, 6, 168.95, 76.3741494194
72.66, 179.71, 100414, 26.50, 6, -65.97, 76.1225492966
72.56, 267.84, 100423, 26.50, 6, -100.00, 75.3677854453
72.56, 267.84, 100423, 26.50, 6, -100.00, 75.3677854453
72.75, 147.36, 100420, 26.50, 6, -100.00, 75.6193673099
72.66, 70.07, 100402, 26.50, 6, -100.00, 77.1289863093
72.66, 70.07, 100402, 26.50, 6, -100.00, 77.1289863093
72.85, 93.34, 100396, 26.50, 6, -100.00, 77.6322413406
72.85, 93.34, 100396, 26.50, 6, -100.00, 77.6322413406
72.66, 192.53, 100393, 26.50, 6, -100.00, 77.8838779886
72.66, 246.43, 100399, 26.50, 6, 17.87, 77.3806107809
72.66, 246.43, 100399, 26.50, 6, 17.87, 77.3806107809
72.56, 174.40, 100381, 26.50, 6, -100.00, 78.8904854708
72.66, 72.58, 100396, 26.50, 6, 535.84, 77.6322413406
72.66, 72.58, 100396, 26.50, 6, 535.84, 77.6322413406
72.66, 19.47, 100396, 26.50, 6, 348.24, 77.6322413406
72.66, 19.47, 100396, 26.50, 6, 348.24, 77.6322413406
72.75, 20.96, 100399, 26.50, 6, 536.67, 77.3806107809
72.66, 86.30, 100408, 26.50, 6, -100.00, 76.6257556289
72.66, 86.30, 100408, 26.50, 6, -100.00, 76.6257556289
72.75, 0.14, 100426, 26.50, 6, -100.00, 75.116209666
72.75, 0.14, 100426, 26.50, 6, -100.00, 75.116209666
72.56, 39.22, 100426, 26.50, 6, 502.64, 75.116209666
72.75, 29.41, 100442, 26.50, 6, 502.64, 73.7745749389
72.75, 29.41, 100442, 26.50, 6, 502.64, 73.7745749389
72.46, 359.54, 100442, 26.50, 6, -100.00, 73.7745749389
72.85, 290.94, 100457, 26.50, 6, 397.22, 72.5169495355
72.85, 290.94, 100457, 26.50, 6, 397.22, 72.5169495355
72.56, 334.66, 100475, 26.50, 6, -100.00, 71.007999743
72.56, 334.66, 100475, 26.50, 6, -100.00, 71.007999743
72.56, 214.03, 100477, 26.50, 6, -100.00, 70.8403521666
72.66, 128.36, 100463, 26.50, 6, -60.99, 72.0139419482
72.66, 128.36, 100463, 26.50, 6, -60.99, 72.0139419482
72.56, 190.06, 100463, 26.50, 6, 193.02, 72.0139419482
72.66, 162.22, 100466, 26.50, 6, 193.02, 71.7624472762
72.66, 162.22, 100466, 26.50, 6, 193.02, 71.7624472762
72.66, 116.98, 100469, 26.50, 6, -100.00, 71.5109586848
72.66, 116.98, 100469, 26.50, 6, -100.00, 71.5109586848
72.66, 172.21, 100469, 26.50, 6, 532.52, 71.5109586848
72.75, 152.34, 100457, 26.50, 6, 532.52, 72.5169495355
72.75, 152.34, 100457, 26.50, 6, 532.52, 72.5169495355
72.95, 159.16, 100454, 26.50, 6, 258.59, 72.7684624515
72.85, 145.34, 100480, 26.50, 6, 458.64, 70.5888858684
72.85, 145.34, 100480, 26.50, 6, 458.64, 70.5888858684
72.95, 126.60, 100469, 26.50, 6, -100.00, 71.5109586848
72.95, 126.60, 100469, 26.50, 6, -100.00, 71.5109586848
72.75, 156.97, 100469, 26.50, 6, 249.46, 71.5109586848
72.75, 142.29, 100477, 26.50, 6, 244.48, 70.8403521666
72.75, 142.29, 100477, 26.50, 6, 244.48, 70.8403521666
72.66, 179.72, 100466, 26.50, 6, 476.90, 71.7624472762
72.66, 179.72, 100466, 26.50, 6, 476.90, 71.7624472762
72.75, 127.90, 100472, 26.50, 6, 476.90, 71.2594761739
72.95, 137.26, 100460, 26.50, 6, 74.32, 72.2654427012
72.95, 137.26, 100460, 26.50, 6, 74.32, 72.2654427012
72.75, 172.79, 100475, 26.60, 6, 324.17, 71.007999743
72.75, 121.92, 100472, 26.60, 6, -100.00, 71.2594761739
72.75, 121.92, 100472, 26.60, 6, -100.00, 71.2594761739
72.36, 84.78, 100475, 26.60, 6, -100.00, 71.007999743
72.36, 84.78, 100475, 26.60, 6, -100.00, 71.007999743
72.95, 29.65, 100469, 26.60, 6, -100.00, 71.5109586848
72.85, 185.48, 100460, 26.60, 6, -100.00, 72.2654427012
72.85, 185.48, 100460, 26.60, 6, -100.00, 72.2654427012
72.85, 233.78, 100460, 26.60, 6, 36.13, 72.2654427012
72.56, 240.58, 100460, 26.60, 6, 36.13, 72.2654427012
72.56, 240.58, 100460, 26.60, 6, 36.13, 72.2654427012
72.66, 241.13, 100472, 26.60, 6, -98.34, 71.2594761739
72.66, 241.13, 100472, 26.60, 6, -98.34, 71.2594761739
72.66, 241.88, 100475, 26.60, 6, -98.34, 71.007999743
72.75, 243.90, 100475, 26.60, 6, -100.00, 71.007999743
72.75, 243.90, 100475, 26.60, 6, -100.00, 71.007999743
72.75, 238.55, 100463, 26.60, 6, -100.00, 72.0139419482
72.56, 237.83, 100472, 26.60, 6, -100.00, 71.2594761739
72.56, 237.83, 100472, 26.60, 6, -100.00, 71.2594761739
72.46, 239.56, 100466, 26.60, 6, 214.60, 71.7624472762
72.46, 239.56, 100466, 26.60, 6, 214.60, 71.7624472762
72.66, 238.68, 100475, 26.60, 6, -100.00, 71.007999743
72.66, 237.39, 100469, 26.60, 6, -100.00, 71.5109586848
72.66, 237.39, 100469, 26.60, 6, -100.00, 71.5109586848
72.46, 237.04, 100475, 26.60, 6, -100.00, 71.007999743
72.46, 237.04, 100475, 26.60, 6, -100.00, 71.007999743
72.36, 237.70, 100472, 26.60, 6, -100.00, 71.2594761739
72.36, 237.10, 100472, 26.70, 6, -100.00, 71.2594761739
72.36, 237.10, 100472, 26.70, 6, -100.00, 71.2594761739
72.66, 236.68, 100472, 26.70, 6, -51.03, 71.2594761739
72.56, 238.12, 100469, 26.70, 6, -100.00, 71.5109586848
72.56, 238.12, 100469, 26.70, 6, -100.00, 71.5109586848
72.56, 237.09, 100480, 26.70, 6, -100.00, 70.5888858684
72.56, 237.09, 100480, 26.70, 6, -100.00, 70.5888858684
72.46, 237.26, 100469, 26.70, 6, 373.14, 71.5109586848
72.07, 238.12, 100472, 26.70, 6, -100.00, 71.2594761739
72.07, 238.12, 100472, 26.70, 6, -100.00, 71.2594761739
72.17, 237.41, 100460, 26.70, 6, -100.00, 72.2654427012
71.78, 234.91, 100469, 26.70, 6, -100.00, 71.5109586848
71.78, 234.91, 100469, 26.70, 6, -100.00, 71.5109586848
72.36, 235.48, 100475, 26.70, 6, -100.00, 71.007999743
72.36, 235.48, 100475, 26.70, 6, -100.00, 71.007999743
72.27, 243.05, 100469, 26.70, 6, -100.00, 71.5109586848
72.36, 231.38, 100469, 26.80, 6, 163.13, 71.5109586848
72.36, 231.38, 100469, 26.80, 6, 163.13, 71.5109586848
72.36, 236.07, 100477, 26.80, 6, 163.13, 70.8403521666
72.27, 234.34, 100477, 26.80, 6, -100.00, 70.8403521666
72.27, 234.34, 100477, 26.80, 6, -100.00, 70.8403521666
71.58, 233.28, 100475, 26.80, 6, -100.00, 71.007999743
71.58, 233.28, 100475, 26.80, 6, -100.00, 71.007999743
72.27, 235.19, 100469, 26.80, 6, 329.98, 71.5109586848
72.07, 236.60, 100472, 26.80, 6, 63.53, 71.2594761739
72.07, 236.60, 100472, 26.80, 6, 63.53, 71.2594761739
72.27, 239.47, 100475, 26.80, 6, -56.84, 71.007999743
72.27, 239.47, 100475, 26.80, 6, -56.84, 71.007999743
72.07, 213.60, 100466, 26.80, 6, -100.00, 71.7624472762
72.27, 141.24, 100480, 26.80, 6, -100.00, 70.5888858684
72.27, 141.24, 100480, 26.80, 6, -100.00, 70.5888858684
72.27, 59.67, 100460, 26.80, 6, -100.00, 72.2654427012
72.17, 70.64, 100463, 26.80, 6, -100.00, 72.0139419482
72.17, 70.64, 100463, 26.80, 6, -100.00, 72.0139419482
72.27, 91.07, 100463, 26.80, 6, -100.00, 72.0139419482
72.27, 91.07, 100463, 26.80, 6, -100.00, 72.0139419482
71.88, 87.01, 100477, 26.90, 6, 15.38, 70.8403521666
72.27, 138.19, 100472, 26.90, 6, 15.38, 71.2594761739
72.27, 138.19, 100472, 26.90, 6, 15.38, 71.2594761739
71.88, 187.97, 100475, 26.90, 6, 197.17, 71.007999743
72.17, 159.63, 100472, 26.90, 6, 94.24, 71.2594761739
72.17, 159.63, 100472, 26.90, 6, 94.24, 71.2594761739
72.17, 147.40, 100475, 26.90, 6, 334.13, 71.007999743
72.17, 147.40, 100475, 26.90, 6, 334.13, 71.007999743
72.07, 127.99, 100475, 26.90, 6, 334.13, 71.007999743
72.27, 112.49, 100472, 26.90, 6, 94.24, 71.2594761739
72.27, 112.49, 100472, 26.90, 6, 94.24, 71.2594761739
71.97, 108.04, 100480, 26.90, 6, -100.00, 70.5888858684
71.97, 108.04, 100480, 26.90, 6, -100.00, 70.5888858684
71.97, 102.92, 100483, 26.90, 6, -1.22, 70.3374256492
72.07, 90.16, 100492, 26.90, 6, -1.22, 69.5830814635
